{
   "Subjects": [
      "FDCDC1-Y1-S1",
      "FDCDC2-Y1-S1",
      "FDCDC3-Y1-S1",
      "HDCDC1-Y1-S1",
      "HDCDC2-Y1-S1",
      "FDCDC1-Y2-S1",
      "FDCDC2-Y2-S1",
      "FDCDC3-Y2-S1",
      "FDCDC4-Y2-S1",
      "FDE1-Y2-S1",
      "FDE2-Y2-S1",
      "FDE3-Y2-S1",
      "FDE4-Y2-S1",
      "FDE5-Y2-S1",
      "FDE6-Y2-S1",
      "HDCDC1-Y2-S1",
      "HDCDC2-Y2-S1",
      "HDE1-Y2-S1",
      "HDE2-Y2-S1",
      "HDE3-Y2-S1",
      "HDE4-Y2-S1",
      "FDCDC1-Y3-S1",
      "FDCDC2-Y3-S1",
      "FDCDC3-Y3-S1",
      "FDCDC4-Y3-S1",
      "FDE1-Y3-S1",
      "FDE2-Y3-S1",
      "FDE3-Y3-S1",
      "FDE4-Y3-S1",
      "FDE5-Y3-S1",
      "FDE6-Y3-S1",
      "HDCDC1-Y3-S1",
      "HDCDC2-Y3-S1",
      "HDE1-Y3-S1",
      "HDE2-Y3-S1",
      "HDE3-Y3-S1",
      "HDE4-Y3-S1",
      "FDE1-Y4-S1",
      "FDE2-Y4-S1",
      "FDE3-Y4-S1",
      "FDE4-Y4-S1",
      "FDE5-Y4-S1",
      "FDE6-Y4-S1",
      "HDE1-Y4-S1",
      "HDE2-Y4-S1",
      "HDE3-Y4-S1",
      "HDE4-Y4-S1"
   ],
   "Professors": {
      "Prof0": {
         "X": 3,
         "PL-FDCDC": [
            "FDCDC3-Y3-S1",
            "FDCDC1-Y1-S1",
            "FDCDC2-Y2-S1",
            "FDCDC2-Y1-S1"
         ],
         "PL-HDCDC": [
            "HDCDC2-Y2-S1",
            "HDCDC1-Y2-S1"
         ],
         "PL-FDE": [
            "FDE4-Y2-S1",
            "FDE1-Y2-S1",
            "FDE4-Y3-S1",
            "FDE6-Y3-S1"
         ],
         "PL-HDE": [
            "HDE2-Y2-S1",
            "HDE2-Y4-S1"
         ]
      },
      "Prof1": {
         "X": 2,
         "PL-FDCDC": [
            "FDCDC3-Y3-S1",
            "FDCDC4-Y2-S1",
            "FDCDC3-Y2-S1",
            "FDCDC4-Y3-S1"
         ],
         "PL-HDCDC": [
            "HDCDC2-Y3-S1",
            "HDCDC1-Y2-S1"
         ],
         "PL-FDE": [
            "FDE1-Y3-S1",
            "FDE5-Y4-S1",
            "FDE2-Y3-S1",
            "FDE3-Y4-S1"
         ],
         "PL-HDE": [
            "HDE2-Y2-S1",
            "HDE4-Y3-S1"
         ]
      },
      "Prof2": {
         "X": 1,
         "PL-FDCDC": [
            "FDCDC4-Y2-S1",
            "FDCDC1-Y3-S1",
            "FDCDC2-Y3-S1",
            "FDCDC3-Y3-S1"
         ],
         "PL-HDCDC": [
            "HDCDC2-Y1-S1",
            "HDCDC2-Y2-S1"
         ],
         "PL-FDE": [
            "FDE4-Y4-S1",
            "FDE1-Y2-S1",
            "FDE6-Y3-S1",
            "FDE6-Y4-S1"
         ],
         "PL-HDE": [
            "HDE1-Y3-S1",
            "HDE1-Y2-S1"
         ]
      },
      "Prof3": {
         "X": 2,
         "PL-FDCDC": [
            "FDCDC2-Y2-S1",
            "FDCDC1-Y1-S1",
            "FDCDC1-Y3-S1",
            "FDCDC1-Y2-S1"
         ],
         "PL-HDCDC": [
            "HDCDC2-Y3-S1",
            "HDCDC1-Y1-S1"
         ],
         "PL-FDE": [
            "FDE1-Y3-S1",
            "FDE5-Y4-S1",
            "FDE2-Y3-S1",
            "FDE1-Y2-S1"
         ],
         "PL-HDE": [
            "HDE4-Y4-S1",
            "HDE3-Y4-S1"
         ]
      },
      "Prof4": {
         "X": 2,
         "PL-FDCDC": [
            "FDCDC3-Y1-S1",
            "FDCDC1-Y2-S1",
            "FDCDC2-Y3-S1",
            "FDCDC4-Y3-S1"
         ],
         "PL-HDCDC": [
            "HDCDC2-Y2-S1",
            "HDCDC1-Y1-S1"
         ],
         "PL-FDE": [
            "FDE1-Y2-S1",
            "FDE3-Y2-S1",
            "FDE3-Y3-S1",
            "FDE2-Y3-S1"
         ],
         "PL-HDE": [
            "HDE2-Y4-S1",
            "HDE2-Y3-S1"
         ]
      },
      "Prof5": {
         "X": 2,
         "PL-FDCDC": [
            "FDCDC3-Y3-S1",
            "FDCDC1-Y2-S1",
            "FDCDC1-Y3-S1",
            "FDCDC4-Y2-S1"
         ],
         "PL-HDCDC": [
            "HDCDC1-Y1-S1",
            "HDCDC1-Y2-S1"
         ],
         "PL-FDE": [
            "FDE4-Y3-S1",
            "FDE1-Y3-S1",
            "FDE4-Y2-S1",
            "FDE6-Y2-S1"
         ],
         "PL-HDE": [
            "HDE1-Y2-S1",
            "HDE1-Y3-S1"
         ]
      },
      "Prof6": {
         "X": 1,
         "PL-FDCDC": [
            "FDCDC1-Y3-S1",
            "FDCDC3-Y1-S1",
            "FDCDC1-Y2-S1",
            "FDCDC1-Y1-S1"
         ],
         "PL-HDCDC": [
            "HDCDC1-Y3-S1",
            "HDCDC2-Y2-S1"
         ],
         "PL-FDE": [
            "FDE5-Y2-S1",
            "FDE4-Y4-S1",
            "FDE1-Y3-S1",
            "FDE3-Y2-S1"
         ],
         "PL-HDE": [
            "HDE4-Y4-S1",
            "HDE1-Y3-S1"
         ]
      },
      "Prof7": {
         "X": 1,
         "PL-FDCDC": [
            "FDCDC3-Y1-S1",
            "FDCDC2-Y3-S1",
            "FDCDC2-Y1-S1",
            "FDCDC3-Y2-S1"
         ],
         "PL-HDCDC": [
            "HDCDC2-Y1-S1",
            "HDCDC1-Y1-S1"
         ],
         "PL-FDE": [
            "FDE1-Y3-S1",
            "FDE2-Y4-S1",
            "FDE3-Y2-S1",
            "FDE4-Y3-S1"
         ],
         "PL-HDE": [
            "HDE2-Y2-S1",
            "HDE1-Y3-S1"
         ]
      },
      "Prof8": {
         "X": 1,
         "PL-FDCDC": [
            "FDCDC3-Y3-S1",
            "FDCDC1-Y3-S1",
            "FDCDC3-Y2-S1",
            "FDCDC2-Y1-S1"
         ],
         "PL-HDCDC": [
            "HDCDC1-Y2-S1",
            "HDCDC2-Y3-S1"
         ],
         "PL-FDE": [
            "FDE5-Y4-S1",
            "FDE2-Y4-S1",
            "FDE3-Y3-S1",
            "FDE6-Y2-S1"
         ],
         "PL-HDE": [
            "HDE4-Y4-S1",
            "HDE3-Y4-S1"
         ]
      },
      "Prof9": {
         "X": 2,
         "PL-FDCDC": [
            "FDCDC1-Y2-S1",
            "FDCDC3-Y2-S1",
            "FDCDC1-Y1-S1",
            "FDCDC1-Y3-S1"
         ],
         "PL-HDCDC": [
            "HDCDC1-Y2-S1",
            "HDCDC1-Y1-S1"
         ],
         "PL-FDE": [
            "FDE2-Y2-S1",
            "FDE5-Y2-S1",
            "FDE3-Y2-S1",
            "FDE2-Y3-S1"
         ],
         "PL-HDE": [
            "HDE4-Y3-S1",
            "HDE3-Y2-S1"
         ]
      },
      "Prof10": {
         "X": 2,
         "PL-FDCDC": [
            "FDCDC2-Y3-S1",
            "FDCDC1-Y3-S1",
            "FDCDC3-Y1-S1",
            "FDCDC2-Y2-S1"
         ],
         "PL-HDCDC": [
            "HDCDC1-Y2-S1",
            "HDCDC2-Y2-S1"
         ],
         "PL-FDE": [
            "FDE2-Y2-S1",
            "FDE3-Y4-S1",
            "FDE5-Y4-S1",
            "FDE6-Y4-S1"
         ],
         "PL-HDE": [
            "HDE2-Y2-S1",
            "HDE3-Y3-S1"
         ]
      },
      "Prof11": {
         "X": 2,
         "PL-FDCDC": [
            "FDCDC2-Y2-S1",
            "FDCDC1-Y1-S1",
            "FDCDC3-Y2-S1",
            "FDCDC1-Y2-S1"
         ],
         "PL-HDCDC": [
            "HDCDC1-Y3-S1",
            "HDCDC2-Y3-S1"
         ],
         "PL-FDE": [
            "FDE3-Y4-S1",
            "FDE3-Y3-S1",
            "FDE6-Y3-S1",
            "FDE5-Y4-S1"
         ],
         "PL-HDE": [
            "HDE1-Y4-S1",
            "HDE4-Y4-S1"
         ]
      },
      "Prof12": {
         "X": 1,
         "PL-FDCDC": [
            "FDCDC3-Y1-S1",
            "FDCDC4-Y2-S1",
            "FDCDC4-Y3-S1",
            "FDCDC1-Y3-S1"
         ],
         "PL-HDCDC": [
            "HDCDC2-Y3-S1",
            "HDCDC2-Y1-S1"
         ],
         "PL-FDE": [
            "FDE2-Y4-S1",
            "FDE1-Y2-S1",
            "FDE4-Y4-S1",
            "FDE2-Y2-S1"
         ],
         "PL-HDE": [
            "HDE4-Y2-S1",
            "HDE2-Y3-S1"
         ]
      },
      "Prof13": {
         "X": 3,
         "PL-FDCDC": [
            "FDCDC3-Y3-S1",
            "FDCDC3-Y1-S1",
            "FDCDC2-Y1-S1",
            "FDCDC1-Y3-S1"
         ],
         "PL-HDCDC": [
            "HDCDC1-Y2-S1",
            "HDCDC1-Y3-S1"
         ],
         "PL-FDE": [
            "FDE4-Y4-S1",
            "FDE5-Y2-S1",
            "FDE1-Y4-S1",
            "FDE2-Y3-S1"
         ],
         "PL-HDE": [
            "HDE4-Y2-S1",
            "HDE3-Y2-S1"
         ]
      },
      "Prof14": {
         "X": 3,
         "PL-FDCDC": [
            "FDCDC3-Y3-S1",
            "FDCDC3-Y2-S1",
            "FDCDC1-Y1-S1",
            "FDCDC2-Y3-S1"
         ],
         "PL-HDCDC": [
            "HDCDC1-Y2-S1",
            "HDCDC2-Y2-S1"
         ],
         "PL-FDE": [
            "FDE5-Y4-S1",
            "FDE4-Y2-S1",
            "FDE2-Y4-S1",
            "FDE3-Y4-S1"
         ],
         "PL-HDE": [
            "HDE1-Y3-S1",
            "HDE1-Y2-S1"
         ]
      },
      "Prof15": {
         "X": 2,
         "PL-FDCDC": [
            "FDCDC4-Y2-S1",
            "FDCDC3-Y2-S1",
            "FDCDC4-Y3-S1",
            "FDCDC1-Y1-S1"
         ],
         "PL-HDCDC": [
            "HDCDC2-Y3-S1",
            "HDCDC1-Y3-S1"
         ],
         "PL-FDE": [
            "FDE3-Y3-S1",
            "FDE1-Y2-S1",
            "FDE5-Y3-S1",
            "FDE3-Y4-S1"
         ],
         "PL-HDE": [
            "HDE2-Y3-S1",
            "HDE4-Y3-S1"
         ]
      },
      "Prof16": {
         "X": 2,
         "PL-FDCDC": [
            "FDCDC3-Y3-S1",
            "FDCDC3-Y1-S1",
            "FDCDC2-Y1-S1",
            "FDCDC2-Y2-S1"
         ],
         "PL-HDCDC": [
            "HDCDC1-Y2-S1",
            "HDCDC1-Y3-S1"
         ],
         "PL-FDE": [
            "FDE6-Y4-S1",
            "FDE4-Y3-S1",
            "FDE3-Y2-S1",
            "FDE6-Y3-S1"
         ],
         "PL-HDE": [
            "HDE1-Y4-S1",
            "HDE1-Y3-S1"
         ]
      },
      "Prof17": {
         "X": 2,
         "PL-FDCDC": [
            "FDCDC4-Y3-S1",
            "FDCDC3-Y1-S1",
            "FDCDC1-Y2-S1",
            "FDCDC3-Y3-S1"
         ],
         "PL-HDCDC": [
            "HDCDC1-Y3-S1",
            "HDCDC2-Y1-S1"
         ],
         "PL-FDE": [
            "FDE5-Y4-S1",
            "FDE3-Y3-S1",
            "FDE3-Y4-S1",
            "FDE1-Y3-S1"
         ],
         "PL-HDE": [
            "HDE2-Y2-S1",
            "HDE4-Y3-S1"
         ]
      },
      "Prof18": {
         "X": 2,
         "PL-FDCDC": [
            "FDCDC2-Y2-S1",
            "FDCDC3-Y1-S1",
            "FDCDC3-Y3-S1",
            "FDCDC3-Y2-S1"
         ],
         "PL-HDCDC": [
            "HDCDC2-Y1-S1",
            "HDCDC1-Y1-S1"
         ],
         "PL-FDE": [
            "FDE3-Y4-S1",
            "FDE1-Y2-S1",
            "FDE6-Y3-S1",
            "FDE2-Y2-S1"
         ],
         "PL-HDE": [
            "HDE4-Y2-S1",
            "HDE3-Y2-S1"
         ]
      },
      "Prof19": {
         "X": 2,
         "PL-FDCDC": [
            "FDCDC2-Y1-S1",
            "FDCDC1-Y2-S1",
            "FDCDC3-Y2-S1",
            "FDCDC4-Y3-S1"
         ],
         "PL-HDCDC": [
            "HDCDC2-Y3-S1",
            "HDCDC2-Y2-S1"
         ],
         "PL-FDE": [
            "FDE3-Y3-S1",
            "FDE1-Y3-S1",
            "FDE6-Y4-S1",
            "FDE5-Y4-S1"
         ],
         "PL-HDE": [
            "HDE4-Y3-S1",
            "HDE3-Y3-S1"
         ]
      },
      "Prof20": {
         "X": 2,
         "PL-FDCDC": [
            "FDCDC1-Y3-S1",
            "FDCDC4-Y3-S1",
            "FDCDC2-Y2-S1",
            "FDCDC3-Y3-S1"
         ],
         "PL-HDCDC": [
            "HDCDC1-Y2-S1",
            "HDCDC2-Y3-S1"
         ],
         "PL-FDE": [
            "FDE3-Y4-S1",
            "FDE5-Y4-S1",
            "FDE2-Y3-S1",
            "FDE3-Y3-S1"
         ],
         "PL-HDE": [
            "HDE4-Y3-S1",
            "HDE4-Y4-S1"
         ]
      },
      "Prof21": {
         "X": 1,
         "PL-FDCDC": [
            "FDCDC2-Y1-S1",
            "FDCDC1-Y3-S1",
            "FDCDC3-Y3-S1",
            "FDCDC4-Y2-S1"
         ],
         "PL-HDCDC": [
            "HDCDC2-Y3-S1",
            "HDCDC2-Y1-S1"
         ],
         "PL-FDE": [
            "FDE1-Y4-S1",
            "FDE3-Y4-S1",
            "FDE4-Y3-S1",
            "FDE6-Y2-S1"
         ],
         "PL-HDE": [
            "HDE3-Y4-S1",
            "HDE2-Y4-S1"
         ]
      },
      "Prof22": {
         "X": 1,
         "PL-FDCDC": [
            "FDCDC3-Y1-S1",
            "FDCDC2-Y3-S1",
            "FDCDC3-Y3-S1",
            "FDCDC1-Y2-S1"
         ],
         "PL-HDCDC": [
            "HDCDC1-Y1-S1",
            "HDCDC2-Y3-S1"
         ],
         "PL-FDE": [
            "FDE1-Y3-S1",
            "FDE4-Y4-S1",
            "FDE3-Y3-S1",
            "FDE6-Y3-S1"
         ],
         "PL-HDE": [
            "HDE2-Y2-S1",
            "HDE4-Y3-S1"
         ]
      },
      "Prof23": {
         "X": 1,
         "PL-FDCDC": [
            "FDCDC3-Y3-S1",
            "FDCDC2-Y1-S1",
            "FDCDC4-Y3-S1",
            "FDCDC1-Y1-S1"
         ],
         "PL-HDCDC": [
            "HDCDC1-Y2-S1",
            "HDCDC2-Y1-S1"
         ],
         "PL-FDE": [
            "FDE1-Y4-S1",
            "FDE3-Y2-S1",
            "FDE3-Y4-S1",
            "FDE6-Y4-S1"
         ],
         "PL-HDE": [
            "HDE3-Y2-S1",
            "HDE2-Y3-S1"
         ]
      },
      "Prof24": {
         "X": 2,
         "PL-FDCDC": [
            "FDCDC4-Y2-S1",
            "FDCDC2-Y1-S1",
            "FDCDC1-Y1-S1",
            "FDCDC1-Y2-S1"
         ],
         "PL-HDCDC": [
            "HDCDC2-Y1-S1",
            "HDCDC2-Y3-S1"
         ],
         "PL-FDE": [
            "FDE2-Y4-S1",
            "FDE2-Y2-S1",
            "FDE4-Y4-S1",
            "FDE5-Y2-S1"
         ],
         "PL-HDE": [
            "HDE4-Y2-S1",
            "HDE3-Y4-S1"
         ]
      },
      "Prof25": {
         "X": 2,
         "PL-FDCDC": [
            "FDCDC2-Y2-S1",
            "FDCDC4-Y2-S1",
            "FDCDC1-Y1-S1",
            "FDCDC3-Y1-S1"
         ],
         "PL-HDCDC": [
            "HDCDC1-Y2-S1",
            "HDCDC2-Y3-S1"
         ],
         "PL-FDE": [
            "FDE6-Y2-S1",
            "FDE4-Y2-S1",
            "FDE1-Y4-S1",
            "FDE5-Y4-S1"
         ],
         "PL-HDE": [
            "HDE2-Y4-S1",
            "HDE4-Y3-S1"
         ]
      },
      "Prof26": {
         "X": 3,
         "PL-FDCDC": [
            "FDCDC1-Y3-S1",
            "FDCDC3-Y3-S1",
            "FDCDC3-Y2-S1",
            "FDCDC3-Y1-S1"
         ],
         "PL-HDCDC": [
            "HDCDC1-Y2-S1",
            "HDCDC2-Y1-S1"
         ],
         "PL-FDE": [
            "FDE3-Y3-S1",
            "FDE4-Y4-S1",
            "FDE4-Y3-S1",
            "FDE1-Y4-S1"
         ],
         "PL-HDE": [
            "HDE2-Y2-S1",
            "HDE1-Y4-S1"
         ]
      },
      "Prof27": {
         "X": 3,
         "PL-FDCDC": [
            "FDCDC1-Y1-S1",
            "FDCDC4-Y3-S1",
            "FDCDC4-Y2-S1",
            "FDCDC2-Y1-S1"
         ],
         "PL-HDCDC": [
            "HDCDC2-Y2-S1",
            "HDCDC2-Y1-S1"
         ],
         "PL-FDE": [
            "FDE3-Y3-S1",
            "FDE2-Y3-S1",
            "FDE6-Y3-S1",
            "FDE6-Y2-S1"
         ],
         "PL-HDE": [
            "HDE2-Y4-S1",
            "HDE4-Y3-S1"
         ]
      },
      "Prof28": {
         "X": 1,
         "PL-FDCDC": [
            "FDCDC2-Y3-S1",
            "FDCDC1-Y1-S1",
            "FDCDC1-Y3-S1",
            "FDCDC2-Y1-S1"
         ],
         "PL-HDCDC": [
            "HDCDC2-Y3-S1",
            "HDCDC2-Y1-S1"
         ],
         "PL-FDE": [
            "FDE3-Y4-S1",
            "FDE1-Y2-S1",
            "FDE6-Y4-S1",
            "FDE4-Y4-S1"
         ],
         "PL-HDE": [
            "HDE3-Y3-S1",
            "HDE4-Y3-S1"
         ]
      },
      "Prof29": {
         "X": 2,
         "PL-FDCDC": [
            "FDCDC3-Y1-S1",
            "FDCDC1-Y3-S1",
            "FDCDC1-Y2-S1",
            "FDCDC4-Y3-S1"
         ],
         "PL-HDCDC": [
            "HDCDC2-Y3-S1",
            "HDCDC1-Y3-S1"
         ],
         "PL-FDE": [
            "FDE5-Y4-S1",
            "FDE5-Y2-S1",
            "FDE3-Y4-S1",
            "FDE2-Y4-S1"
         ],
         "PL-HDE": [
            "HDE1-Y2-S1",
            "HDE3-Y4-S1"
         ]
      },
      "Prof30": {
         "X": 3,
         "PL-FDCDC": [
            "FDCDC2-Y3-S1",
            "FDCDC2-Y1-S1",
            "FDCDC3-Y1-S1",
            "FDCDC3-Y2-S1"
         ],
         "PL-HDCDC": [
            "HDCDC1-Y1-S1",
            "HDCDC2-Y2-S1"
         ],
         "PL-FDE": [
            "FDE6-Y4-S1",
            "FDE6-Y2-S1",
            "FDE1-Y4-S1",
            "FDE2-Y2-S1"
         ],
         "PL-HDE": [
            "HDE4-Y3-S1",
            "HDE2-Y3-S1"
         ]
      },
      "Prof31": {
         "X": 3,
         "PL-FDCDC": [
            "FDCDC4-Y2-S1",
            "FDCDC2-Y3-S1",
            "FDCDC4-Y3-S1",
            "FDCDC3-Y2-S1"
         ],
         "PL-HDCDC": [
            "HDCDC1-Y3-S1",
            "HDCDC2-Y1-S1"
         ],
         "PL-FDE": [
            "FDE1-Y3-S1",
            "FDE3-Y3-S1",
            "FDE3-Y2-S1",
            "FDE1-Y4-S1"
         ],
         "PL-HDE": [
            "HDE1-Y4-S1",
            "HDE2-Y2-S1"
         ]
      },
      "Prof32": {
         "X": 3,
         "PL-FDCDC": [
            "FDCDC3-Y2-S1",
            "FDCDC2-Y3-S1",
            "FDCDC2-Y1-S1",
            "FDCDC1-Y2-S1"
         ],
         "PL-HDCDC": [
            "HDCDC2-Y1-S1",
            "HDCDC2-Y2-S1"
         ],
         "PL-FDE": [
            "FDE1-Y4-S1",
            "FDE5-Y4-S1",
            "FDE4-Y4-S1",
            "FDE3-Y3-S1"
         ],
         "PL-HDE": [
            "HDE4-Y3-S1",
            "HDE1-Y2-S1"
         ]
      },
      "Prof33": {
         "X": 1,
         "PL-FDCDC": [
            "FDCDC2-Y2-S1",
            "FDCDC1-Y2-S1",
            "FDCDC3-Y3-S1",
            "FDCDC3-Y1-S1"
         ],
         "PL-HDCDC": [
            "HDCDC1-Y3-S1",
            "HDCDC1-Y1-S1"
         ],
         "PL-FDE": [
            "FDE4-Y2-S1",
            "FDE3-Y4-S1",
            "FDE6-Y3-S1",
            "FDE5-Y3-S1"
         ],
         "PL-HDE": [
            "HDE2-Y4-S1",
            "HDE1-Y2-S1"
         ]
      },
      "Prof34": {
         "X": 2,
         "PL-FDCDC": [
            "FDCDC3-Y2-S1",
            "FDCDC3-Y1-S1",
            "FDCDC4-Y2-S1",
            "FDCDC2-Y1-S1"
         ],
         "PL-HDCDC": [
            "HDCDC1-Y2-S1",
            "HDCDC2-Y1-S1"
         ],
         "PL-FDE": [
            "FDE3-Y3-S1",
            "FDE5-Y2-S1",
            "FDE5-Y4-S1",
            "FDE2-Y4-S1"
         ],
         "PL-HDE": [
            "HDE2-Y3-S1",
            "HDE1-Y4-S1"
         ]
      },
      "Prof35": {
         "X": 2,
         "PL-FDCDC": [
            "FDCDC2-Y2-S1",
            "FDCDC1-Y1-S1",
            "FDCDC3-Y2-S1",
            "FDCDC2-Y3-S1"
         ],
         "PL-HDCDC": [
            "HDCDC2-Y2-S1",
            "HDCDC1-Y1-S1"
         ],
         "PL-FDE": [
            "FDE3-Y2-S1",
            "FDE4-Y4-S1",
            "FDE6-Y4-S1",
            "FDE6-Y3-S1"
         ],
         "PL-HDE": [
            "HDE2-Y4-S1",
            "HDE2-Y3-S1"
         ]
      }
   }
}